{"calc_status": "complete", "version": "0.9.9", "seed": 1162142809, "events": [{"description": "Launching raxml-ng", "local_directory": "working", "time": 1686757741.6491268, "cmd": ["/home/zcbtifi/.conda/envs/topiary/bin/raxml-ng", "--start", "--msa", "alignment.phy", "--model", "LG", "--seed", "1162142809", "--threads", "1", "--tree", "pars{1}"], "num_threads": 1}, {"description": "Testing 360 models.\n", "local_directory": "working", "time": 1686757741.7955084}], "gene_tree": null, "species_tree": null, "reconciled_tree": null, "alignment": "/lustre/scratch/scratch/zcbtifi/IAPP_143/alignment-to-ancestors/00_find-model/input/alignment.phy", "calc_type": "find_best_model", "creation_time": 1686757741.6075659, "model": "JTT", "completion_time": 1686758537.1499915}