<recPhylo 
	xmlns:xsi="http://www.w3.org/2001/XMLSchema-instance"
	xsi:schemaLocation="http://www.recg.org ./recGeneTreeXML.xsd"
	xmlns="http://www.recg.org">
<spTree>
<phylogeny>
<clade>
		<name>node_141</name>
	<clade>
			<name>node_0</name>
		<clade>
				<name>node_1</name>
			<clade>
					<name>node_2</name>
				<clade>
						<name>node_3</name>
					<clade>
							<name>node_4</name>
						<clade>
								<name>node_5</name>
							<clade>
									<name>node_6</name>
								<clade>
										<name>node_7</name>
									<clade>
											<name>node_8</name>
										<clade>
												<name>node_9</name>
											<clade>
													<name>node_10</name>
												<clade>
														<name>node_11</name>
													<clade>
															<name>node_12</name>
														<clade>
																<name>node_13</name>
															<clade>
																	<name>node_14</name>
																<clade>
																		<name>ott542509</name>
																</clade>
																<clade>
																		<name>node_15</name>
																	<clade>
																			<name>ott857370</name>
																	</clade>
																	<clade>
																			<name>node_16</name>
																		<clade>
																				<name>node_17</name>
																			<clade>
																					<name>ott391631</name>
																			</clade>
																			<clade>
																					<name>ott465012</name>
																			</clade>
																		</clade>
																		<clade>
																				<name>ott927240</name>
																		</clade>
																	</clade>
																</clade>
															</clade>
															<clade>
																	<name>ott886091</name>
															</clade>
														</clade>
														<clade>
																<name>node_18</name>
															<clade>
																	<name>ott917328</name>
															</clade>
															<clade>
																	<name>ott886085</name>
															</clade>
														</clade>
													</clade>
													<clade>
															<name>node_19</name>
														<clade>
																<name>node_20</name>
															<clade>
																	<name>node_21</name>
																<clade>
																		<name>ott692698</name>
																</clade>
																<clade>
																		<name>ott173054</name>
																</clade>
															</clade>
															<clade>
																	<name>ott744000</name>
															</clade>
														</clade>
														<clade>
																<name>node_22</name>
															<clade>
																	<name>ott895549</name>
															</clade>
															<clade>
																	<name>ott1048195</name>
															</clade>
														</clade>
													</clade>
												</clade>
												<clade>
														<name>node_23</name>
													<clade>
															<name>ott289915</name>
													</clade>
													<clade>
															<name>ott289901</name>
													</clade>
												</clade>
											</clade>
											<clade>
													<name>node_24</name>
												<clade>
														<name>ott923734</name>
												</clade>
												<clade>
														<name>ott644261</name>
												</clade>
											</clade>
										</clade>
										<clade>
												<name>node_25</name>
											<clade>
													<name>node_26</name>
												<clade>
														<name>node_27</name>
													<clade>
															<name>node_28</name>
														<clade>
																<name>node_29</name>
															<clade>
																	<name>node_30</name>
																<clade>
																		<name>ott77080</name>
																</clade>
																<clade>
																		<name>ott1013938</name>
																</clade>
															</clade>
															<clade>
																	<name>node_31</name>
																<clade>
																		<name>ott571316</name>
																</clade>
																<clade>
																		<name>node_32</name>
																	<clade>
																			<name>node_33</name>
																		<clade>
																				<name>ott741057</name>
																		</clade>
																		<clade>
																				<name>node_34</name>
																			<clade>
																					<name>ott115449</name>
																			</clade>
																			<clade>
																					<name>ott741053</name>
																			</clade>
																		</clade>
																	</clade>
																	<clade>
																			<name>ott689656</name>
																	</clade>
																</clade>
															</clade>
														</clade>
														<clade>
																<name>node_35</name>
															<clade>
																	<name>node_36</name>
																<clade>
																		<name>ott770315</name>
																</clade>
																<clade>
																		<name>ott417950</name>
																</clade>
															</clade>
															<clade>
																	<name>ott417953</name>
															</clade>
														</clade>
													</clade>
													<clade>
															<name>node_37</name>
														<clade>
																<name>ott913299</name>
														</clade>
														<clade>
																<name>ott5925585</name>
														</clade>
													</clade>
												</clade>
												<clade>
														<name>ott339031</name>
												</clade>
											</clade>
											<clade>
													<name>node_38</name>
												<clade>
														<name>ott387144</name>
												</clade>
												<clade>
														<name>ott885705</name>
												</clade>
											</clade>
										</clade>
									</clade>
									<clade>
											<name>node_39</name>
										<clade>
												<name>node_40</name>
											<clade>
													<name>node_41</name>
												<clade>
														<name>node_42</name>
													<clade>
															<name>node_43</name>
														<clade>
																<name>node_44</name>
															<clade>
																	<name>node_45</name>
																<clade>
																		<name>node_46</name>
																	<clade>
																			<name>ott19017</name>
																	</clade>
																	<clade>
																			<name>ott70819</name>
																	</clade>
																</clade>
																<clade>
																		<name>node_47</name>
																	<clade>
																			<name>ott641187</name>
																	</clade>
																	<clade>
																			<name>node_48</name>
																		<clade>
																				<name>ott490109</name>
																		</clade>
																		<clade>
																				<name>ott905084</name>
																		</clade>
																	</clade>
																</clade>
															</clade>
															<clade>
																	<name>node_49</name>
																<clade>
																		<name>ott5269</name>
																</clade>
																<clade>
																		<name>node_50</name>
																	<clade>
																			<name>ott124212</name>
																	</clade>
																	<clade>
																			<name>ott306757</name>
																	</clade>
																</clade>
															</clade>
														</clade>
														<clade>
																<name>ott730013</name>
														</clade>
													</clade>
													<clade>
															<name>node_51</name>
														<clade>
																<name>node_52</name>
															<clade>
																	<name>ott1068202</name>
															</clade>
															<clade>
																	<name>ott1068218</name>
															</clade>
														</clade>
														<clade>
																<name>ott772669</name>
														</clade>
													</clade>
												</clade>
												<clade>
														<name>ott813034</name>
												</clade>
											</clade>
											<clade>
													<name>node_53</name>
												<clade>
														<name>node_54</name>
													<clade>
															<name>node_55</name>
														<clade>
																<name>ott167828</name>
														</clade>
														<clade>
																<name>node_56</name>
															<clade>
																	<name>node_57</name>
																<clade>
																		<name>node_58</name>
																	<clade>
																			<name>ott10732</name>
																	</clade>
																	<clade>
																			<name>ott350099</name>
																	</clade>
																</clade>
																<clade>
																		<name>ott872573</name>
																</clade>
															</clade>
															<clade>
																	<name>ott949693</name>
															</clade>
														</clade>
													</clade>
													<clade>
															<name>ott247333</name>
													</clade>
												</clade>
												<clade>
														<name>ott563166</name>
												</clade>
											</clade>
										</clade>
										<clade>
												<name>ott796660</name>
										</clade>
									</clade>
								</clade>
								<clade>
										<name>node_59</name>
									<clade>
											<name>ott541936</name>
									</clade>
									<clade>
											<name>ott292026</name>
									</clade>
								</clade>
							</clade>
							<clade>
									<name>node_60</name>
								<clade>
										<name>ott539171</name>
								</clade>
								<clade>
										<name>ott835328</name>
								</clade>
							</clade>
						</clade>
						<clade>
								<name>node_61</name>
							<clade>
									<name>node_62</name>
								<clade>
										<name>node_63</name>
									<clade>
											<name>node_64</name>
										<clade>
												<name>node_65</name>
											<clade>
													<name>node_66</name>
												<clade>
														<name>node_67</name>
													<clade>
															<name>node_68</name>
														<clade>
																<name>node_69</name>
															<clade>
																	<name>node_70</name>
																<clade>
																		<name>node_71</name>
																	<clade>
																			<name>node_72</name>
																		<clade>
																				<name>node_73</name>
																			<clade>
																					<name>ott708327</name>
																			</clade>
																			<clade>
																					<name>node_74</name>
																				<clade>
																						<name>ott589951</name>
																				</clade>
																				<clade>
																						<name>ott464865</name>
																				</clade>
																			</clade>
																		</clade>
																		<clade>
																				<name>ott515143</name>
																		</clade>
																	</clade>
																	<clade>
																			<name>ott640833</name>
																	</clade>
																</clade>
																<clade>
																		<name>ott749203</name>
																</clade>
															</clade>
															<clade>
																	<name>ott786435</name>
															</clade>
														</clade>
														<clade>
																<name>ott263118</name>
														</clade>
													</clade>
													<clade>
															<name>node_75</name>
														<clade>
																<name>ott1090732</name>
														</clade>
														<clade>
																<name>ott855119</name>
														</clade>
													</clade>
												</clade>
												<clade>
														<name>node_76</name>
													<clade>
															<name>ott787600</name>
													</clade>
													<clade>
															<name>ott792628</name>
													</clade>
												</clade>
											</clade>
											<clade>
													<name>ott609785</name>
											</clade>
										</clade>
										<clade>
												<name>ott153563</name>
										</clade>
									</clade>
									<clade>
											<name>ott335590</name>
									</clade>
								</clade>
								<clade>
										<name>node_77</name>
									<clade>
											<name>ott5925808</name>
									</clade>
									<clade>
											<name>ott256160</name>
									</clade>
								</clade>
							</clade>
							<clade>
									<name>node_78</name>
								<clade>
										<name>node_79</name>
									<clade>
											<name>node_80</name>
										<clade>
												<name>node_81</name>
											<clade>
													<name>ott309738</name>
											</clade>
											<clade>
													<name>ott88370</name>
											</clade>
										</clade>
										<clade>
												<name>node_82</name>
											<clade>
													<name>ott913382</name>
											</clade>
											<clade>
													<name>ott705356</name>
											</clade>
										</clade>
									</clade>
									<clade>
											<name>ott212506</name>
									</clade>
								</clade>
								<clade>
										<name>ott35890</name>
								</clade>
							</clade>
						</clade>
					</clade>
					<clade>
							<name>node_83</name>
						<clade>
								<name>node_84</name>
							<clade>
									<name>node_85</name>
								<clade>
										<name>node_86</name>
									<clade>
											<name>node_87</name>
										<clade>
												<name>node_88</name>
											<clade>
													<name>ott1062728</name>
											</clade>
											<clade>
													<name>ott14718</name>
											</clade>
										</clade>
										<clade>
												<name>ott899043</name>
										</clade>
									</clade>
									<clade>
											<name>ott242762</name>
									</clade>
								</clade>
								<clade>
										<name>ott6158944</name>
								</clade>
							</clade>
							<clade>
									<name>node_89</name>
								<clade>
										<name>ott953914</name>
								</clade>
								<clade>
										<name>ott984726</name>
								</clade>
							</clade>
						</clade>
						<clade>
								<name>ott498516</name>
						</clade>
					</clade>
				</clade>
				<clade>
						<name>ott773491</name>
				</clade>
			</clade>
			<clade>
					<name>node_90</name>
				<clade>
						<name>node_91</name>
					<clade>
							<name>node_92</name>
						<clade>
								<name>node_93</name>
							<clade>
									<name>node_94</name>
								<clade>
										<name>node_95</name>
									<clade>
											<name>node_96</name>
										<clade>
												<name>node_97</name>
											<clade>
													<name>node_98</name>
												<clade>
														<name>node_99</name>
													<clade>
															<name>ott879913</name>
													</clade>
													<clade>
															<name>node_100</name>
														<clade>
																<name>node_101</name>
															<clade>
																	<name>ott777938</name>
															</clade>
															<clade>
																	<name>ott7066609</name>
															</clade>
														</clade>
														<clade>
																<name>ott203747</name>
														</clade>
													</clade>
												</clade>
												<clade>
														<name>node_102</name>
													<clade>
															<name>node_103</name>
														<clade>
																<name>ott429083</name>
														</clade>
														<clade>
																<name>ott1005907</name>
														</clade>
													</clade>
													<clade>
															<name>node_104</name>
														<clade>
																<name>ott905012</name>
														</clade>
														<clade>
																<name>ott5839047</name>
														</clade>
													</clade>
												</clade>
											</clade>
											<clade>
													<name>ott1005914</name>
											</clade>
										</clade>
										<clade>
												<name>node_105</name>
											<clade>
													<name>ott216168</name>
											</clade>
											<clade>
													<name>node_106</name>
												<clade>
														<name>ott119433</name>
												</clade>
												<clade>
														<name>node_107</name>
													<clade>
															<name>ott701518</name>
													</clade>
													<clade>
															<name>ott649803</name>
													</clade>
												</clade>
											</clade>
										</clade>
									</clade>
									<clade>
											<name>ott575844</name>
									</clade>
								</clade>
								<clade>
										<name>ott39750</name>
								</clade>
							</clade>
							<clade>
									<name>node_108</name>
								<clade>
										<name>node_109</name>
									<clade>
											<name>node_110</name>
										<clade>
												<name>node_111</name>
											<clade>
													<name>ott165375</name>
											</clade>
											<clade>
													<name>ott688324</name>
											</clade>
										</clade>
										<clade>
												<name>node_112</name>
											<clade>
													<name>ott688332</name>
											</clade>
											<clade>
													<name>ott688328</name>
											</clade>
										</clade>
									</clade>
									<clade>
											<name>ott739941</name>
									</clade>
								</clade>
								<clade>
										<name>node_113</name>
									<clade>
											<name>node_114</name>
										<clade>
												<name>node_115</name>
											<clade>
													<name>node_116</name>
												<clade>
														<name>node_117</name>
													<clade>
															<name>node_118</name>
														<clade>
																<name>node_119</name>
															<clade>
																	<name>node_120</name>
																<clade>
																		<name>ott996934</name>
																</clade>
																<clade>
																		<name>ott104336</name>
																</clade>
															</clade>
															<clade>
																	<name>ott938557</name>
															</clade>
														</clade>
														<clade>
																<name>node_121</name>
															<clade>
																	<name>node_122</name>
																<clade>
																		<name>node_123</name>
																	<clade>
																			<name>ott312452</name>
																	</clade>
																	<clade>
																			<name>ott82335</name>
																	</clade>
																</clade>
																<clade>
																		<name>node_124</name>
																	<clade>
																			<name>ott513643</name>
																	</clade>
																	<clade>
																			<name>ott538968</name>
																	</clade>
																</clade>
															</clade>
															<clade>
																	<name>ott179491</name>
															</clade>
														</clade>
													</clade>
													<clade>
															<name>node_125</name>
														<clade>
																<name>ott906506</name>
														</clade>
														<clade>
																<name>node_126</name>
															<clade>
																	<name>ott1008460</name>
															</clade>
															<clade>
																	<name>ott394575</name>
															</clade>
														</clade>
													</clade>
												</clade>
												<clade>
														<name>node_127</name>
													<clade>
															<name>node_128</name>
														<clade>
																<name>node_129</name>
															<clade>
																	<name>ott1085993</name>
															</clade>
															<clade>
																	<name>ott65341</name>
															</clade>
														</clade>
														<clade>
																<name>ott292710</name>
														</clade>
													</clade>
													<clade>
															<name>node_130</name>
														<clade>
																<name>node_131</name>
															<clade>
																	<name>ott258643</name>
															</clade>
															<clade>
																	<name>ott867530</name>
															</clade>
														</clade>
														<clade>
																<name>ott557682</name>
														</clade>
													</clade>
												</clade>
											</clade>
											<clade>
													<name>node_132</name>
												<clade>
														<name>ott47553</name>
												</clade>
												<clade>
														<name>ott344060</name>
												</clade>
											</clade>
										</clade>
										<clade>
												<name>ott720409</name>
										</clade>
									</clade>
									<clade>
											<name>ott385708</name>
									</clade>
								</clade>
							</clade>
						</clade>
						<clade>
								<name>node_133</name>
							<clade>
									<name>ott902048</name>
							</clade>
							<clade>
									<name>ott335717</name>
							</clade>
						</clade>
					</clade>
					<clade>
							<name>ott1028028</name>
					</clade>
				</clade>
				<clade>
						<name>ott451269</name>
				</clade>
			</clade>
		</clade>
		<clade>
				<name>node_134</name>
			<clade>
					<name>node_135</name>
				<clade>
						<name>ott493412</name>
				</clade>
				<clade>
						<name>node_136</name>
					<clade>
							<name>node_137</name>
						<clade>
								<name>ott654133</name>
						</clade>
						<clade>
								<name>node_138</name>
							<clade>
									<name>node_139</name>
								<clade>
										<name>ott266108</name>
								</clade>
								<clade>
										<name>node_140</name>
									<clade>
											<name>ott962561</name>
									</clade>
									<clade>
											<name>ott214509</name>
									</clade>
								</clade>
							</clade>
							<clade>
									<name>ott554297</name>
							</clade>
						</clade>
					</clade>
					<clade>
							<name>ott1019126</name>
					</clade>
				</clade>
			</clade>
			<clade>
					<name>ott550662</name>
			</clade>
		</clade>
	</clade>
	<clade>
			<name>ott227494</name>
	</clade>
</clade>
</phylogeny>
</spTree>
<recGeneTree>
<phylogeny rooted="true">
<clade>
	<name>NULL</name>
	<eventsRec>
		<speciation speciesLocation="node_141"/>
	</eventsRec>
	<clade>
		<name>NULL</name>
		<eventsRec>
			<speciation speciesLocation="node_0"/>
		</eventsRec>
		<clade>
			<name>NULL</name>
			<eventsRec>
				<speciation speciesLocation="node_134"/>
			</eventsRec>
			<clade>
				<name>NULL</name>
				<eventsRec>
					<speciation speciesLocation="node_135"/>
				</eventsRec>
				<clade>
					<name>NULL</name>
					<eventsRec>
						<speciation speciesLocation="node_136"/>
					</eventsRec>
					<clade>
						<name>IAPPSqualu</name>
						<eventsRec>
							<leaf speciesLocation="ott1019126"/>
						</eventsRec>
					</clade>
					<clade>
						<name>NULL</name>
						<eventsRec>
							<speciation speciesLocation="node_137"/>
						</eventsRec>
						<clade>
							<name>GregMdNKsy</name>
							<eventsRec>
								<leaf speciesLocation="ott654133"/>
							</eventsRec>
						</clade>
						<clade>
							<name>NULL</name>
							<eventsRec>
								<speciation speciesLocation="node_138"/>
							</eventsRec>
							<clade>
								<name>IAPPCarcha</name>
								<eventsRec>
									<leaf speciesLocation="ott554297"/>
								</eventsRec>
							</clade>
							<clade>
								<name>NULL</name>
								<eventsRec>
									<speciation speciesLocation="node_139"/>
								</eventsRec>
								<clade>
									<name>NULL</name>
									<eventsRec>
										<speciation speciesLocation="node_140"/>
									</eventsRec>
									<clade>
										<name>IAPPChilos</name>
										<eventsRec>
											<leaf speciesLocation="ott962561"/>
										</eventsRec>
									</clade>
									<clade>
										<name>IAPPRhinco</name>
										<eventsRec>
											<leaf speciesLocation="ott214509"/>
										</eventsRec>
									</clade>
								</clade>
								<clade>
									<name>IAPPScylio</name>
									<eventsRec>
										<leaf speciesLocation="ott266108"/>
									</eventsRec>
								</clade>
							</clade>
						</clade>
					</clade>
				</clade>
				<clade>
					<name>IAPPTetron</name>
					<eventsRec>
						<leaf speciesLocation="ott493412"/>
					</eventsRec>
				</clade>
			</clade>
			<clade>
				<name>ChXIVfLFUv</name>
				<eventsRec>
					<leaf speciesLocation="ott550662"/>
				</eventsRec>
			</clade>
		</clade>
		<clade>
			<name>NULL</name>
			<eventsRec>
				<speciation speciesLocation="node_1"/>
			</eventsRec>
			<clade>
				<name>NULL</name>
				<eventsRec>
					<speciation speciesLocation="node_2"/>
				</eventsRec>
				<clade>
					<name>IAPPLatime</name>
					<eventsRec>
						<leaf speciesLocation="ott773491"/>
					</eventsRec>
				</clade>
				<clade>
					<name>NULL</name>
					<eventsRec>
						<speciation speciesLocation="node_3"/>
					</eventsRec>
					<clade>
						<name>NULL</name>
						<eventsRec>
							<speciation speciesLocation="node_83"/>
						</eventsRec>
						<clade>
							<name>IAPPRhinat</name>
							<eventsRec>
								<leaf speciesLocation="ott498516"/>
							</eventsRec>
						</clade>
						<clade>
							<name>NULL</name>
							<eventsRec>
								<duplication speciesLocation="node_84"/>
							</eventsRec>
							<clade>
								<name>NULL</name>
								<eventsRec>
									<speciation speciesLocation="node_84"/>
								</eventsRec>
								<clade>
									<name>IAPPXenoph</name>
									<eventsRec>
										<speciation speciesLocation="node_85"/>
									</eventsRec>
										<clade>
										<name>loss</name>
										<eventsRec>
											<loss speciesLocation="node_86"/>
										</eventsRec>
									</clade>
									<clade>
										<name>IAPPXenoph</name>
										<eventsRec>
											<leaf speciesLocation="ott6158944"/>
										</eventsRec>
									</clade>
								</clade>
								<clade>
									<name>IAPPAmbyst</name>
									<eventsRec>
										<speciation speciesLocation="node_89"/>
									</eventsRec>
										<clade>
										<name>loss</name>
										<eventsRec>
											<loss speciesLocation="ott953914"/>
										</eventsRec>
									</clade>
									<clade>
										<name>IAPPAmbyst</name>
										<eventsRec>
											<leaf speciesLocation="ott984726"/>
										</eventsRec>
									</clade>
								</clade>
							</clade>
							<clade>
								<name>NULL</name>
								<eventsRec>
									<speciation speciesLocation="node_84"/>
								</eventsRec>
								<clade>
									<name>NULL</name>
									<eventsRec>
										<speciation speciesLocation="node_85"/>
									</eventsRec>
										<clade>
										<name>loss</name>
										<eventsRec>
											<loss speciesLocation="ott6158944"/>
										</eventsRec>
									</clade>
									<clade>
										<name>NULL</name>
										<eventsRec>
											<speciation speciesLocation="node_86"/>
										</eventsRec>
										<clade>
											<name>IAPPAnaxyr</name>
											<eventsRec>
												<leaf speciesLocation="ott242762"/>
											</eventsRec>
										</clade>
										<clade>
											<name>NULL</name>
											<eventsRec>
												<speciation speciesLocation="node_87"/>
											</eventsRec>
											<clade>
												<name>NULL</name>
												<eventsRec>
													<speciation speciesLocation="node_88"/>
												</eventsRec>
												<clade>
													<name>WDjWpoqJeY</name>
													<eventsRec>
														<leaf speciesLocation="ott14718"/>
													</eventsRec>
												</clade>
												<clade>
													<name>IAPPOdorra</name>
													<eventsRec>
														<leaf speciesLocation="ott1062728"/>
													</eventsRec>
												</clade>
											</clade>
											<clade>
												<name>IAPPNanora</name>
												<eventsRec>
													<leaf speciesLocation="ott899043"/>
												</eventsRec>
											</clade>
										</clade>
									</clade>
								</clade>
								<clade>
									<name>IAPPHynobi</name>
									<eventsRec>
										<speciation speciesLocation="node_89"/>
									</eventsRec>
										<clade>
										<name>loss</name>
										<eventsRec>
											<loss speciesLocation="ott984726"/>
										</eventsRec>
									</clade>
									<clade>
										<name>IAPPHynobi</name>
										<eventsRec>
											<leaf speciesLocation="ott953914"/>
										</eventsRec>
									</clade>
								</clade>
							</clade>
						</clade>
					</clade>
					<clade>
						<name>NULL</name>
						<eventsRec>
							<speciation speciesLocation="node_4"/>
						</eventsRec>
						<clade>
							<name>NULL</name>
							<eventsRec>
								<speciation speciesLocation="node_61"/>
							</eventsRec>
							<clade>
								<name>NULL</name>
								<eventsRec>
									<speciation speciesLocation="node_78"/>
								</eventsRec>
								<clade>
									<name>NULL</name>
									<eventsRec>
										<speciation speciesLocation="node_79"/>
									</eventsRec>
									<clade>
										<name>NULL</name>
										<eventsRec>
											<speciation speciesLocation="node_80"/>
										</eventsRec>
										<clade>
											<name>NULL</name>
											<eventsRec>
												<speciation speciesLocation="node_82"/>
											</eventsRec>
											<clade>
												<name>IAPPPogona</name>
												<eventsRec>
													<leaf speciesLocation="ott913382"/>
												</eventsRec>
											</clade>
											<clade>
												<name>IAPPAnolis</name>
												<eventsRec>
													<leaf speciesLocation="ott705356"/>
												</eventsRec>
											</clade>
										</clade>
										<clade>
											<name>NULL</name>
											<eventsRec>
												<speciation speciesLocation="node_81"/>
											</eventsRec>
											<clade>
												<name>IAPPMicrur</name>
												<eventsRec>
													<leaf speciesLocation="ott309738"/>
												</eventsRec>
											</clade>
											<clade>
												<name>IAPPPython</name>
												<eventsRec>
													<leaf speciesLocation="ott88370"/>
												</eventsRec>
											</clade>
										</clade>
									</clade>
									<clade>
										<name>xnvIqlJzYB</name>
										<eventsRec>
											<leaf speciesLocation="ott212506"/>
										</eventsRec>
									</clade>
								</clade>
								<clade>
									<name>IAPPSpheno</name>
									<eventsRec>
										<leaf speciesLocation="ott35890"/>
									</eventsRec>
								</clade>
							</clade>
							<clade>
								<name>NULL</name>
								<eventsRec>
									<speciation speciesLocation="node_62"/>
								</eventsRec>
								<clade>
									<name>NULL</name>
									<eventsRec>
										<speciation speciesLocation="node_77"/>
									</eventsRec>
									<clade>
										<name>IAPPTerrap</name>
										<eventsRec>
											<leaf speciesLocation="ott256160"/>
										</eventsRec>
									</clade>
									<clade>
										<name>IAPPGopher</name>
										<eventsRec>
											<leaf speciesLocation="ott5925808"/>
										</eventsRec>
									</clade>
								</clade>
								<clade>
									<name>NULL</name>
									<eventsRec>
										<speciation speciesLocation="node_63"/>
									</eventsRec>
									<clade>
										<name>IAPPAlliga</name>
										<eventsRec>
											<leaf speciesLocation="ott335590"/>
										</eventsRec>
									</clade>
									<clade>
										<name>NULL</name>
										<eventsRec>
											<speciation speciesLocation="node_64"/>
										</eventsRec>
										<clade>
											<name>NULL</name>
											<eventsRec>
												<speciation speciesLocation="node_65"/>
											</eventsRec>
											<clade>
												<name>IAPPChaetu</name>
												<eventsRec>
													<leaf speciesLocation="ott609785"/>
												</eventsRec>
											</clade>
											<clade>
												<name>NULL</name>
												<eventsRec>
													<speciation speciesLocation="node_66"/>
												</eventsRec>
												<clade>
													<name>NULL</name>
													<eventsRec>
														<speciation speciesLocation="node_67"/>
													</eventsRec>
													<clade>
														<name>NULL</name>
														<eventsRec>
															<speciation speciesLocation="node_68"/>
														</eventsRec>
														<clade>
															<name>IAPPHaliae</name>
															<eventsRec>
																<leaf speciesLocation="ott263118"/>
															</eventsRec>
														</clade>
														<clade>
															<name>NULL</name>
															<eventsRec>
																<speciation speciesLocation="node_69"/>
															</eventsRec>
															<clade>
																<name>NULL</name>
																<eventsRec>
																	<speciation speciesLocation="node_70"/>
																</eventsRec>
																<clade>
																	<name>NULL</name>
																	<eventsRec>
																		<speciation speciesLocation="node_71"/>
																	</eventsRec>
																	<clade>
																		<name>NULL</name>
																		<eventsRec>
																			<speciation speciesLocation="node_72"/>
																		</eventsRec>
																		<clade>
																			<name>licySbBsFC</name>
																			<eventsRec>
																				<leaf speciesLocation="ott515143"/>
																			</eventsRec>
																		</clade>
																		<clade>
																			<name>NULL</name>
																			<eventsRec>
																				<speciation speciesLocation="node_73"/>
																			</eventsRec>
																			<clade>
																				<name>IAPPTaenio</name>
																				<eventsRec>
																					<leaf speciesLocation="ott708327"/>
																				</eventsRec>
																			</clade>
																			<clade>
																				<name>NULL</name>
																				<eventsRec>
																					<speciation speciesLocation="node_74"/>
																				</eventsRec>
																				<clade>
																					<name>IAPPGeospi</name>
																					<eventsRec>
																						<leaf speciesLocation="ott589951"/>
																					</eventsRec>
																				</clade>
																				<clade>
																					<name>IAPPSerinu</name>
																					<eventsRec>
																						<leaf speciesLocation="ott464865"/>
																					</eventsRec>
																				</clade>
																			</clade>
																		</clade>
																	</clade>
																	<clade>
																		<name>IAPPManacu</name>
																		<eventsRec>
																			<leaf speciesLocation="ott640833"/>
																		</eventsRec>
																	</clade>
																</clade>
																<clade>
																	<name>IAPPNestor</name>
																	<eventsRec>
																		<leaf speciesLocation="ott749203"/>
																	</eventsRec>
																</clade>
															</clade>
															<clade>
																<name>NxRnSxjyeM</name>
																<eventsRec>
																	<leaf speciesLocation="ott786435"/>
																</eventsRec>
															</clade>
														</clade>
													</clade>
													<clade>
														<name>NULL</name>
														<eventsRec>
															<speciation speciesLocation="node_75"/>
														</eventsRec>
														<clade>
															<name>IAPPCalidr</name>
															<eventsRec>
																<leaf speciesLocation="ott1090732"/>
															</eventsRec>
														</clade>
														<clade>
															<name>IAPPPhaeth</name>
															<eventsRec>
																<leaf speciesLocation="ott855119"/>
															</eventsRec>
														</clade>
													</clade>
												</clade>
												<clade>
													<name>NULL</name>
													<eventsRec>
														<speciation speciesLocation="node_76"/>
													</eventsRec>
													<clade>
														<name>IAPPChlamy</name>
														<eventsRec>
															<leaf speciesLocation="ott787600"/>
														</eventsRec>
													</clade>
													<clade>
														<name>IAPPCuculu</name>
														<eventsRec>
															<leaf speciesLocation="ott792628"/>
														</eventsRec>
													</clade>
												</clade>
											</clade>
										</clade>
										<clade>
											<name>IAPPGallus</name>
											<eventsRec>
												<leaf speciesLocation="ott153563"/>
											</eventsRec>
										</clade>
									</clade>
								</clade>
							</clade>
						</clade>
						<clade>
							<name>NULL</name>
							<eventsRec>
								<speciation speciesLocation="node_5"/>
							</eventsRec>
							<clade>
								<name>NULL</name>
								<eventsRec>
									<speciation speciesLocation="node_6"/>
								</eventsRec>
								<clade>
									<name>NULL</name>
									<eventsRec>
										<speciation speciesLocation="node_7"/>
									</eventsRec>
									<clade>
										<name>NULL</name>
										<eventsRec>
											<speciation speciesLocation="node_8"/>
										</eventsRec>
										<clade>
											<name>NULL</name>
											<eventsRec>
												<speciation speciesLocation="node_9"/>
											</eventsRec>
											<clade>
												<name>NULL</name>
												<eventsRec>
													<speciation speciesLocation="node_10"/>
												</eventsRec>
												<clade>
													<name>NULL</name>
													<eventsRec>
														<speciation speciesLocation="node_11"/>
													</eventsRec>
													<clade>
														<name>NULL</name>
														<eventsRec>
															<speciation speciesLocation="node_19"/>
														</eventsRec>
														<clade>
															<name>NULL</name>
															<eventsRec>
																<speciation speciesLocation="node_20"/>
															</eventsRec>
															<clade>
																<name>rACkmLnddt</name>
																<eventsRec>
																	<leaf speciesLocation="ott744000"/>
																</eventsRec>
															</clade>
															<clade>
																<name>NULL</name>
																<eventsRec>
																	<speciation speciesLocation="node_21"/>
																</eventsRec>
																<clade>
																	<name>IAPPOctodo</name>
																	<eventsRec>
																		<leaf speciesLocation="ott692698"/>
																	</eventsRec>
																</clade>
																<clade>
																	<name>IAPPChinch</name>
																	<eventsRec>
																		<leaf speciesLocation="ott173054"/>
																	</eventsRec>
																</clade>
															</clade>
														</clade>
														<clade>
															<name>NULL</name>
															<eventsRec>
																<speciation speciesLocation="node_22"/>
															</eventsRec>
															<clade>
																<name>IAPPFukomy</name>
																<eventsRec>
																	<leaf speciesLocation="ott895549"/>
																</eventsRec>
															</clade>
															<clade>
																<name>OJyNeDfaTC</name>
																<eventsRec>
																	<leaf speciesLocation="ott1048195"/>
																</eventsRec>
															</clade>
														</clade>
													</clade>
													<clade>
														<name>NULL</name>
														<eventsRec>
															<speciation speciesLocation="node_12"/>
														</eventsRec>
														<clade>
															<name>NULL</name>
															<eventsRec>
																<speciation speciesLocation="node_13"/>
															</eventsRec>
															<clade>
																<name>IAPPJaculu</name>
																<eventsRec>
																	<leaf speciesLocation="ott886091"/>
																</eventsRec>
															</clade>
															<clade>
																<name>NULL</name>
																<eventsRec>
																	<speciation speciesLocation="node_14"/>
																</eventsRec>
																<clade>
																	<name>NULL</name>
																	<eventsRec>
																		<speciation speciesLocation="node_15"/>
																	</eventsRec>
																	<clade>
																		<name>NULL</name>
																		<eventsRec>
																			<speciation speciesLocation="node_16"/>
																		</eventsRec>
																		<clade>
																			<name>NULL</name>
																			<eventsRec>
																				<speciation speciesLocation="node_17"/>
																			</eventsRec>
																			<clade>
																				<name>IAPPMesocr</name>
																				<eventsRec>
																					<leaf speciesLocation="ott391631"/>
																				</eventsRec>
																			</clade>
																			<clade>
																				<name>IAPPCricet</name>
																				<eventsRec>
																					<leaf speciesLocation="ott465012"/>
																				</eventsRec>
																			</clade>
																		</clade>
																		<clade>
																			<name>IAPPMicrot</name>
																			<eventsRec>
																				<leaf speciesLocation="ott927240"/>
																			</eventsRec>
																		</clade>
																	</clade>
																	<clade>
																		<name>IAPPPeromy</name>
																		<eventsRec>
																			<leaf speciesLocation="ott857370"/>
																		</eventsRec>
																	</clade>
																</clade>
																<clade>
																	<name>QntwMAzwSR</name>
																	<eventsRec>
																		<leaf speciesLocation="ott542509"/>
																	</eventsRec>
																</clade>
															</clade>
														</clade>
														<clade>
															<name>NULL</name>
															<eventsRec>
																<speciation speciesLocation="node_18"/>
															</eventsRec>
															<clade>
																<name>IAPPDipodo</name>
																<eventsRec>
																	<leaf speciesLocation="ott917328"/>
																</eventsRec>
															</clade>
															<clade>
																<name>IAPPCastor</name>
																<eventsRec>
																	<leaf speciesLocation="ott886085"/>
																</eventsRec>
															</clade>
														</clade>
													</clade>
												</clade>
												<clade>
													<name>NULL</name>
													<eventsRec>
														<speciation speciesLocation="node_23"/>
													</eventsRec>
													<clade>
														<name>IAPPUrocit</name>
														<eventsRec>
															<leaf speciesLocation="ott289901"/>
														</eventsRec>
													</clade>
													<clade>
														<name>IAPPMarmot</name>
														<eventsRec>
															<leaf speciesLocation="ott289915"/>
														</eventsRec>
													</clade>
												</clade>
											</clade>
											<clade>
												<name>NULL</name>
												<eventsRec>
													<speciation speciesLocation="node_24"/>
												</eventsRec>
												<clade>
													<name>IAPPOchoto</name>
													<eventsRec>
														<leaf speciesLocation="ott644261"/>
													</eventsRec>
												</clade>
												<clade>
													<name>OOhogZDflV</name>
													<eventsRec>
														<leaf speciesLocation="ott923734"/>
													</eventsRec>
												</clade>
											</clade>
										</clade>
										<clade>
											<name>NULL</name>
											<eventsRec>
												<speciation speciesLocation="node_25"/>
											</eventsRec>
											<clade>
												<name>NULL</name>
												<eventsRec>
													<speciation speciesLocation="node_38"/>
												</eventsRec>
												<clade>
													<name>IAPPOtolem</name>
													<eventsRec>
														<leaf speciesLocation="ott885705"/>
													</eventsRec>
												</clade>
												<clade>
													<name>IAPPMicroc</name>
													<eventsRec>
														<leaf speciesLocation="ott387144"/>
													</eventsRec>
												</clade>
											</clade>
											<clade>
												<name>NULL</name>
												<eventsRec>
													<speciation speciesLocation="node_26"/>
												</eventsRec>
												<clade>
													<name>IAPPCarlit</name>
													<eventsRec>
														<leaf speciesLocation="ott339031"/>
													</eventsRec>
												</clade>
												<clade>
													<name>NULL</name>
													<eventsRec>
														<speciation speciesLocation="node_27"/>
													</eventsRec>
													<clade>
														<name>NULL</name>
														<eventsRec>
															<speciation speciesLocation="node_28"/>
														</eventsRec>
														<clade>
															<name>NULL</name>
															<eventsRec>
																<speciation speciesLocation="node_35"/>
															</eventsRec>
															<clade>
																<name>IAPPGorill</name>
																<eventsRec>
																	<leaf speciesLocation="ott417953"/>
																</eventsRec>
															</clade>
															<clade>
																<name>NULL</name>
																<eventsRec>
																	<speciation speciesLocation="node_36"/>
																</eventsRec>
																<clade>
																	<name>VuUTEuyyno</name>
																	<eventsRec>
																		<leaf speciesLocation="ott770315"/>
																	</eventsRec>
																</clade>
																<clade>
																	<name>HKzIlXjota</name>
																	<eventsRec>
																		<leaf speciesLocation="ott417950"/>
																	</eventsRec>
																</clade>
															</clade>
														</clade>
														<clade>
															<name>NULL</name>
															<eventsRec>
																<speciation speciesLocation="node_29"/>
															</eventsRec>
															<clade>
																<name>NULL</name>
																<eventsRec>
																	<speciation speciesLocation="node_31"/>
																</eventsRec>
																<clade>
																	<name>NULL</name>
																	<eventsRec>
																		<speciation speciesLocation="node_32"/>
																	</eventsRec>
																	<clade>
																		<name>IAPPMacaca</name>
																		<eventsRec>
																			<leaf speciesLocation="ott689656"/>
																		</eventsRec>
																	</clade>
																	<clade>
																		<name>NULL</name>
																		<eventsRec>
																			<speciation speciesLocation="node_33"/>
																		</eventsRec>
																		<clade>
																			<name>NULL</name>
																			<eventsRec>
																				<speciation speciesLocation="node_34"/>
																			</eventsRec>
																			<clade>
																				<name>nbJJFaBMmk</name>
																				<eventsRec>
																					<leaf speciesLocation="ott115449"/>
																				</eventsRec>
																			</clade>
																			<clade>
																				<name>IAPPTherop</name>
																				<eventsRec>
																					<leaf speciesLocation="ott741053"/>
																				</eventsRec>
																			</clade>
																		</clade>
																		<clade>
																			<name>IAPPMandri</name>
																			<eventsRec>
																				<leaf speciesLocation="ott741057"/>
																			</eventsRec>
																		</clade>
																	</clade>
																</clade>
																<clade>
																	<name>IAPPChloro</name>
																	<eventsRec>
																		<leaf speciesLocation="ott571316"/>
																	</eventsRec>
																</clade>
															</clade>
															<clade>
																<name>NULL</name>
																<eventsRec>
																	<speciation speciesLocation="node_30"/>
																</eventsRec>
																<clade>
																	<name>IAPPRhinop</name>
																	<eventsRec>
																		<leaf speciesLocation="ott77080"/>
																	</eventsRec>
																</clade>
																<clade>
																	<name>IAPPPilioc</name>
																	<eventsRec>
																		<leaf speciesLocation="ott1013938"/>
																	</eventsRec>
																</clade>
															</clade>
														</clade>
													</clade>
													<clade>
														<name>NULL</name>
														<eventsRec>
															<speciation speciesLocation="node_37"/>
														</eventsRec>
														<clade>
															<name>YDELvtSdfv</name>
															<eventsRec>
																<leaf speciesLocation="ott5925585"/>
															</eventsRec>
														</clade>
														<clade>
															<name>shgpSDhwYN</name>
															<eventsRec>
																<leaf speciesLocation="ott913299"/>
															</eventsRec>
														</clade>
													</clade>
												</clade>
											</clade>
										</clade>
									</clade>
									<clade>
										<name>NULL</name>
										<eventsRec>
											<speciation speciesLocation="node_39"/>
										</eventsRec>
										<clade>
											<name>NULL</name>
											<eventsRec>
												<speciation speciesLocation="node_40"/>
											</eventsRec>
											<clade>
												<name>NULL</name>
												<eventsRec>
													<speciation speciesLocation="node_41"/>
												</eventsRec>
												<clade>
													<name>IAPPRouset</name>
													<eventsRec>
														<leaf speciesLocation="ott813034"/>
													</eventsRec>
												</clade>
												<clade>
													<name>NULL</name>
													<eventsRec>
														<speciation speciesLocation="node_42"/>
													</eventsRec>
													<clade>
														<name>NULL</name>
														<eventsRec>
															<speciation speciesLocation="node_51"/>
														</eventsRec>
														<clade>
															<name>NULL</name>
															<eventsRec>
																<speciation speciesLocation="node_52"/>
															</eventsRec>
															<clade>
																<name>NTHTMExfWw</name>
																<eventsRec>
																	<leaf speciesLocation="ott1068218"/>
																</eventsRec>
															</clade>
															<clade>
																<name>yGNKXNkzPr</name>
																<eventsRec>
																	<leaf speciesLocation="ott1068202"/>
																</eventsRec>
															</clade>
														</clade>
														<clade>
															<name>IAPPCerato</name>
															<eventsRec>
																<leaf speciesLocation="ott772669"/>
															</eventsRec>
														</clade>
													</clade>
													<clade>
														<name>NULL</name>
														<eventsRec>
															<speciation speciesLocation="node_43"/>
														</eventsRec>
														<clade>
															<name>NULL</name>
															<eventsRec>
																<speciation speciesLocation="node_44"/>
															</eventsRec>
															<clade>
																<name>NULL</name>
																<eventsRec>
																	<speciation speciesLocation="node_45"/>
																</eventsRec>
																<clade>
																	<name>NULL</name>
																	<eventsRec>
																		<speciation speciesLocation="node_47"/>
																	</eventsRec>
																	<clade>
																		<name>NULL</name>
																		<eventsRec>
																			<speciation speciesLocation="node_48"/>
																		</eventsRec>
																		<clade>
																			<name>PUlsgBQzlS</name>
																			<eventsRec>
																				<leaf speciesLocation="ott905084"/>
																			</eventsRec>
																		</clade>
																		<clade>
																			<name>sfGsZsDfrX</name>
																			<eventsRec>
																				<leaf speciesLocation="ott490109"/>
																			</eventsRec>
																		</clade>
																	</clade>
																	<clade>
																		<name>IAPPBubalu</name>
																		<eventsRec>
																			<leaf speciesLocation="ott641187"/>
																		</eventsRec>
																	</clade>
																</clade>
																<clade>
																	<name>NULL</name>
																	<eventsRec>
																		<speciation speciesLocation="node_46"/>
																	</eventsRec>
																	<clade>
																		<name>xIYWppEDmi</name>
																		<eventsRec>
																			<leaf speciesLocation="ott70819"/>
																		</eventsRec>
																	</clade>
																	<clade>
																		<name>DDUVDTrUhi</name>
																		<eventsRec>
																			<leaf speciesLocation="ott19017"/>
																		</eventsRec>
																	</clade>
																</clade>
															</clade>
															<clade>
																<name>NULL</name>
																<eventsRec>
																	<speciation speciesLocation="node_49"/>
																</eventsRec>
																<clade>
																	<name>NULL</name>
																	<eventsRec>
																		<speciation speciesLocation="node_50"/>
																	</eventsRec>
																	<clade>
																		<name>IAPPGlobic</name>
																		<eventsRec>
																			<leaf speciesLocation="ott124212"/>
																		</eventsRec>
																	</clade>
																	<clade>
																		<name>IAPPMonodo</name>
																		<eventsRec>
																			<leaf speciesLocation="ott306757"/>
																		</eventsRec>
																	</clade>
																</clade>
																<clade>
																	<name>IAPPLipote</name>
																	<eventsRec>
																		<leaf speciesLocation="ott5269"/>
																	</eventsRec>
																</clade>
															</clade>
														</clade>
														<clade>
															<name>VSucYhDxIT</name>
															<eventsRec>
																<leaf speciesLocation="ott730013"/>
															</eventsRec>
														</clade>
													</clade>
												</clade>
											</clade>
											<clade>
												<name>NULL</name>
												<eventsRec>
													<speciation speciesLocation="node_53"/>
												</eventsRec>
												<clade>
													<name>NULL</name>
													<eventsRec>
														<speciation speciesLocation="node_54"/>
													</eventsRec>
													<clade>
														<name>NULL</name>
														<eventsRec>
															<speciation speciesLocation="node_55"/>
														</eventsRec>
														<clade>
															<name>IAPPEnhydr</name>
															<eventsRec>
																<leaf speciesLocation="ott167828"/>
															</eventsRec>
														</clade>
														<clade>
															<name>NULL</name>
															<eventsRec>
																<speciation speciesLocation="node_56"/>
															</eventsRec>
															<clade>
																<name>NULL</name>
																<eventsRec>
																	<speciation speciesLocation="node_57"/>
																</eventsRec>
																<clade>
																	<name>NULL</name>
																	<eventsRec>
																		<speciation speciesLocation="node_58"/>
																	</eventsRec>
																	<clade>
																		<name>NPlXOIoeoZ</name>
																		<eventsRec>
																			<leaf speciesLocation="ott10732"/>
																		</eventsRec>
																	</clade>
																	<clade>
																		<name>UfuVdjAqkw</name>
																		<eventsRec>
																			<leaf speciesLocation="ott350099"/>
																		</eventsRec>
																	</clade>
																</clade>
																<clade>
																	<name>IAPPAiluro</name>
																	<eventsRec>
																		<leaf speciesLocation="ott872573"/>
																	</eventsRec>
																</clade>
															</clade>
															<clade>
																<name>SWCLJMcywY</name>
																<eventsRec>
																	<leaf speciesLocation="ott949693"/>
																</eventsRec>
															</clade>
														</clade>
													</clade>
													<clade>
														<name>xOlbwGWZok</name>
														<eventsRec>
															<leaf speciesLocation="ott247333"/>
														</eventsRec>
													</clade>
												</clade>
												<clade>
													<name>zjYNWCMhyi</name>
													<eventsRec>
														<leaf speciesLocation="ott563166"/>
													</eventsRec>
												</clade>
											</clade>
										</clade>
										<clade>
											<name>IAPPErinac</name>
											<eventsRec>
												<leaf speciesLocation="ott796660"/>
											</eventsRec>
										</clade>
									</clade>
								</clade>
								<clade>
									<name>NULL</name>
									<eventsRec>
										<speciation speciesLocation="node_59"/>
									</eventsRec>
									<clade>
										<name>IAPPLoxodo</name>
										<eventsRec>
											<leaf speciesLocation="ott541936"/>
										</eventsRec>
									</clade>
									<clade>
										<name>IAPPOrycte</name>
										<eventsRec>
											<leaf speciesLocation="ott292026"/>
										</eventsRec>
									</clade>
								</clade>
							</clade>
							<clade>
								<name>NULL</name>
								<eventsRec>
									<speciation speciesLocation="node_60"/>
								</eventsRec>
								<clade>
									<name>IAPPNotama</name>
									<eventsRec>
										<leaf speciesLocation="ott539171"/>
									</eventsRec>
								</clade>
								<clade>
									<name>IAPPVombat</name>
									<eventsRec>
										<leaf speciesLocation="ott835328"/>
									</eventsRec>
								</clade>
							</clade>
						</clade>
					</clade>
				</clade>
			</clade>
			<clade>
				<name>NULL</name>
				<eventsRec>
					<speciation speciesLocation="node_90"/>
				</eventsRec>
				<clade>
					<name>IAPPErpeto</name>
					<eventsRec>
						<leaf speciesLocation="ott451269"/>
					</eventsRec>
				</clade>
				<clade>
					<name>NULL</name>
					<eventsRec>
						<speciation speciesLocation="node_91"/>
					</eventsRec>
					<clade>
						<name>NULL</name>
						<eventsRec>
							<speciation speciesLocation="node_92"/>
						</eventsRec>
						<clade>
							<name>NULL</name>
							<eventsRec>
								<speciation speciesLocation="node_93"/>
							</eventsRec>
							<clade>
								<name>NULL</name>
								<eventsRec>
									<speciation speciesLocation="node_108"/>
								</eventsRec>
								<clade>
									<name>NULL</name>
									<eventsRec>
										<speciation speciesLocation="node_109"/>
									</eventsRec>
									<clade>
										<name>NULL</name>
										<eventsRec>
											<speciation speciesLocation="node_110"/>
										</eventsRec>
										<clade>
											<name>NULL</name>
											<eventsRec>
												<speciation speciesLocation="node_112"/>
											</eventsRec>
											<clade>
												<name>liiLNLKqOs</name>
												<eventsRec>
													<leaf speciesLocation="ott688332"/>
												</eventsRec>
											</clade>
											<clade>
												<name>WvmrnQilrS</name>
												<eventsRec>
													<leaf speciesLocation="ott688328"/>
												</eventsRec>
											</clade>
										</clade>
										<clade>
											<name>NULL</name>
											<eventsRec>
												<speciation speciesLocation="node_111"/>
											</eventsRec>
											<clade>
												<name>IAPPOncorh</name>
												<eventsRec>
													<leaf speciesLocation="ott165375"/>
												</eventsRec>
											</clade>
											<clade>
												<name>IAPPSalvel</name>
												<eventsRec>
													<leaf speciesLocation="ott688324"/>
												</eventsRec>
											</clade>
										</clade>
									</clade>
									<clade>
										<name>ynXIPKEyYL</name>
										<eventsRec>
											<leaf speciesLocation="ott739941"/>
										</eventsRec>
									</clade>
								</clade>
								<clade>
									<name>NULL</name>
									<eventsRec>
										<speciation speciesLocation="node_113"/>
									</eventsRec>
									<clade>
										<name>IAPPMyripr</name>
										<eventsRec>
											<leaf speciesLocation="ott385708"/>
										</eventsRec>
									</clade>
									<clade>
										<name>NULL</name>
										<eventsRec>
											<speciation speciesLocation="node_114"/>
										</eventsRec>
										<clade>
											<name>IAPPPorich</name>
											<eventsRec>
												<leaf speciesLocation="ott720409"/>
											</eventsRec>
										</clade>
										<clade>
											<name>NULL</name>
											<eventsRec>
												<speciation speciesLocation="node_115"/>
											</eventsRec>
											<clade>
												<name>NULL</name>
												<eventsRec>
													<duplication speciesLocation="node_116"/>
												</eventsRec>
												<clade>
													<name>NULL</name>
													<eventsRec>
														<speciation speciesLocation="node_116"/>
													</eventsRec>
													<clade>
														<name>NULL</name>
														<eventsRec>
															<speciation speciesLocation="node_117"/>
														</eventsRec>
														<clade>
															<name>NULL</name>
															<eventsRec>
																<speciation speciesLocation="node_118"/>
															</eventsRec>
															<clade>
																<name>IAPPSalari</name>
																<eventsRec>
																	<speciation speciesLocation="node_119"/>
																</eventsRec>
																	<clade>
																	<name>loss</name>
																	<eventsRec>
																		<loss speciesLocation="node_120"/>
																	</eventsRec>
																</clade>
																<clade>
																	<name>IAPPSalari</name>
																	<eventsRec>
																		<leaf speciesLocation="ott938557"/>
																	</eventsRec>
																</clade>
															</clade>
															<clade>
																<name>IAPPOryzia</name>
																<eventsRec>
																	<speciation speciesLocation="node_121"/>
																</eventsRec>
																	<clade>
																	<name>loss</name>
																	<eventsRec>
																		<loss speciesLocation="node_122"/>
																	</eventsRec>
																</clade>
																<clade>
																	<name>IAPPOryzia</name>
																	<eventsRec>
																		<leaf speciesLocation="ott179491"/>
																	</eventsRec>
																</clade>
															</clade>
														</clade>
														<clade>
															<name>NULL</name>
															<eventsRec>
																<speciation speciesLocation="node_125"/>
															</eventsRec>
															<clade>
																<name>IAPPCynogl</name>
																<eventsRec>
																	<leaf speciesLocation="ott906506"/>
																</eventsRec>
															</clade>
															<clade>
																<name>NULL</name>
																<eventsRec>
																	<speciation speciesLocation="node_126"/>
																</eventsRec>
																<clade>
																	<name>IAPPMastac</name>
																	<eventsRec>
																		<leaf speciesLocation="ott394575"/>
																	</eventsRec>
																</clade>
																<clade>
																	<name>IAPPChanna</name>
																	<eventsRec>
																		<leaf speciesLocation="ott1008460"/>
																	</eventsRec>
																</clade>
															</clade>
														</clade>
													</clade>
													<clade>
														<name>NULL</name>
														<eventsRec>
															<speciation speciesLocation="node_127"/>
														</eventsRec>
														<clade>
															<name>NULL</name>
															<eventsRec>
																<speciation speciesLocation="node_128"/>
															</eventsRec>
																<clade>
																<name>loss</name>
																<eventsRec>
																	<loss speciesLocation="ott292710"/>
																</eventsRec>
															</clade>
															<clade>
																<name>NULL</name>
																<eventsRec>
																	<speciation speciesLocation="node_129"/>
																</eventsRec>
																<clade>
																	<name>IAPPTakifu</name>
																	<eventsRec>
																		<leaf speciesLocation="ott65341"/>
																	</eventsRec>
																</clade>
																<clade>
																	<name>IAPPTetrao</name>
																	<eventsRec>
																		<leaf speciesLocation="ott1085993"/>
																	</eventsRec>
																</clade>
															</clade>
														</clade>
														<clade>
															<name>NULL</name>
															<eventsRec>
																<speciation speciesLocation="node_130"/>
															</eventsRec>
															<clade>
																<name>NULL</name>
																<eventsRec>
																	<speciation speciesLocation="node_131"/>
																</eventsRec>
																<clade>
																	<name>IAPPCottop</name>
																	<eventsRec>
																		<leaf speciesLocation="ott867530"/>
																	</eventsRec>
																</clade>
																<clade>
																	<name>IAPPNototh</name>
																	<eventsRec>
																		<leaf speciesLocation="ott258643"/>
																	</eventsRec>
																</clade>
															</clade>
															<clade>
																<name>IAPPSander</name>
																<eventsRec>
																	<leaf speciesLocation="ott557682"/>
																</eventsRec>
															</clade>
														</clade>
													</clade>
												</clade>
												<clade>
													<name>NULL</name>
													<eventsRec>
														<speciation speciesLocation="node_116"/>
													</eventsRec>
													<clade>
														<name>IAPPLabrus</name>
														<eventsRec>
															<speciation speciesLocation="node_127"/>
														</eventsRec>
															<clade>
															<name>loss</name>
															<eventsRec>
																<loss speciesLocation="node_130"/>
															</eventsRec>
														</clade>
														<clade>
															<name>IAPPLabrus</name>
															<eventsRec>
																<speciation speciesLocation="node_128"/>
															</eventsRec>
																<clade>
																<name>loss</name>
																<eventsRec>
																	<loss speciesLocation="node_129"/>
																</eventsRec>
															</clade>
															<clade>
																<name>IAPPLabrus</name>
																<eventsRec>
																	<leaf speciesLocation="ott292710"/>
																</eventsRec>
															</clade>
														</clade>
													</clade>
													<clade>
														<name>NULL</name>
														<eventsRec>
															<speciation speciesLocation="node_117"/>
														</eventsRec>
															<clade>
															<name>loss</name>
															<eventsRec>
																<loss speciesLocation="node_125"/>
															</eventsRec>
														</clade>
														<clade>
															<name>NULL</name>
															<eventsRec>
																<speciation speciesLocation="node_118"/>
															</eventsRec>
															<clade>
																<name>NULL</name>
																<eventsRec>
																	<speciation speciesLocation="node_119"/>
																</eventsRec>
																	<clade>
																	<name>loss</name>
																	<eventsRec>
																		<loss speciesLocation="ott938557"/>
																	</eventsRec>
																</clade>
																<clade>
																	<name>NULL</name>
																	<eventsRec>
																		<speciation speciesLocation="node_120"/>
																	</eventsRec>
																	<clade>
																		<name>IAPPTripte</name>
																		<eventsRec>
																			<leaf speciesLocation="ott104336"/>
																		</eventsRec>
																	</clade>
																	<clade>
																		<name>IAPPGouani</name>
																		<eventsRec>
																			<leaf speciesLocation="ott996934"/>
																		</eventsRec>
																	</clade>
																</clade>
															</clade>
															<clade>
																<name>NULL</name>
																<eventsRec>
																	<speciation speciesLocation="node_121"/>
																</eventsRec>
																	<clade>
																	<name>loss</name>
																	<eventsRec>
																		<loss speciesLocation="ott179491"/>
																	</eventsRec>
																</clade>
																<clade>
																	<name>NULL</name>
																	<eventsRec>
																		<speciation speciesLocation="node_122"/>
																	</eventsRec>
																	<clade>
																		<name>NULL</name>
																		<eventsRec>
																			<speciation speciesLocation="node_123"/>
																		</eventsRec>
																		<clade>
																			<name>IAPPPoecil</name>
																			<eventsRec>
																				<leaf speciesLocation="ott312452"/>
																			</eventsRec>
																		</clade>
																		<clade>
																			<name>aduKxzZPfx</name>
																			<eventsRec>
																				<leaf speciesLocation="ott82335"/>
																			</eventsRec>
																		</clade>
																	</clade>
																	<clade>
																		<name>NULL</name>
																		<eventsRec>
																			<speciation speciesLocation="node_124"/>
																		</eventsRec>
																		<clade>
																			<name>mLAnejfGrC</name>
																			<eventsRec>
																				<leaf speciesLocation="ott513643"/>
																			</eventsRec>
																		</clade>
																		<clade>
																			<name>BnvCbDatjj</name>
																			<eventsRec>
																				<leaf speciesLocation="ott538968"/>
																			</eventsRec>
																		</clade>
																	</clade>
																</clade>
															</clade>
														</clade>
													</clade>
												</clade>
											</clade>
											<clade>
												<name>NULL</name>
												<eventsRec>
													<speciation speciesLocation="node_132"/>
												</eventsRec>
												<clade>
													<name>IAPPSphaer</name>
													<eventsRec>
														<leaf speciesLocation="ott344060"/>
													</eventsRec>
												</clade>
												<clade>
													<name>IAPPBoleop</name>
													<eventsRec>
														<leaf speciesLocation="ott47553"/>
													</eventsRec>
												</clade>
											</clade>
										</clade>
									</clade>
								</clade>
							</clade>
							<clade>
								<name>NULL</name>
								<eventsRec>
									<speciation speciesLocation="node_94"/>
								</eventsRec>
								<clade>
									<name>NULL</name>
									<eventsRec>
										<speciation speciesLocation="node_95"/>
									</eventsRec>
									<clade>
										<name>IAPPChanos</name>
										<eventsRec>
											<leaf speciesLocation="ott575844"/>
										</eventsRec>
									</clade>
									<clade>
										<name>NULL</name>
										<eventsRec>
											<speciation speciesLocation="node_96"/>
										</eventsRec>
										<clade>
											<name>NULL</name>
											<eventsRec>
												<speciation speciesLocation="node_97"/>
											</eventsRec>
											<clade>
												<name>JaZbbWHQHL</name>
												<eventsRec>
													<leaf speciesLocation="ott1005914"/>
												</eventsRec>
											</clade>
											<clade>
												<name>NULL</name>
												<eventsRec>
													<speciation speciesLocation="node_98"/>
												</eventsRec>
												<clade>
													<name>NULL</name>
													<eventsRec>
														<speciation speciesLocation="node_102"/>
													</eventsRec>
													<clade>
														<name>NULL</name>
														<eventsRec>
															<speciation speciesLocation="node_103"/>
														</eventsRec>
														<clade>
															<name>cJfWqyMldR</name>
															<eventsRec>
																<leaf speciesLocation="ott429083"/>
															</eventsRec>
														</clade>
														<clade>
															<name>IAPPCarass</name>
															<eventsRec>
																<leaf speciesLocation="ott1005907"/>
															</eventsRec>
														</clade>
													</clade>
													<clade>
														<name>NULL</name>
														<eventsRec>
															<speciation speciesLocation="node_104"/>
														</eventsRec>
														<clade>
															<name>aDhzoCGZNB</name>
															<eventsRec>
																<leaf speciesLocation="ott5839047"/>
															</eventsRec>
														</clade>
														<clade>
															<name>dqyZZAkWhd</name>
															<eventsRec>
																<leaf speciesLocation="ott905012"/>
															</eventsRec>
														</clade>
													</clade>
												</clade>
												<clade>
													<name>NULL</name>
													<eventsRec>
														<speciation speciesLocation="node_99"/>
													</eventsRec>
													<clade>
														<name>IAPPSchizo</name>
														<eventsRec>
															<leaf speciesLocation="ott879913"/>
														</eventsRec>
													</clade>
													<clade>
														<name>NULL</name>
														<eventsRec>
															<speciation speciesLocation="node_100"/>
														</eventsRec>
														<clade>
															<name>NULL</name>
															<eventsRec>
																<speciation speciesLocation="node_101"/>
															</eventsRec>
															<clade>
																<name>bxUjZujRTD</name>
																<eventsRec>
																	<leaf speciesLocation="ott777938"/>
																</eventsRec>
															</clade>
															<clade>
																<name>SSqnEVZDhP</name>
																<eventsRec>
																	<leaf speciesLocation="ott7066609"/>
																</eventsRec>
															</clade>
														</clade>
														<clade>
															<name>IAPPPtycho</name>
															<eventsRec>
																<leaf speciesLocation="ott203747"/>
															</eventsRec>
														</clade>
													</clade>
												</clade>
											</clade>
										</clade>
										<clade>
											<name>NULL</name>
											<eventsRec>
												<speciation speciesLocation="node_105"/>
											</eventsRec>
											<clade>
												<name>NULL</name>
												<eventsRec>
													<speciation speciesLocation="node_106"/>
												</eventsRec>
												<clade>
													<name>IAPPTachys</name>
													<eventsRec>
														<leaf speciesLocation="ott119433"/>
													</eventsRec>
												</clade>
												<clade>
													<name>NULL</name>
													<eventsRec>
														<speciation speciesLocation="node_107"/>
													</eventsRec>
													<clade>
														<name>IAPPAstyan</name>
														<eventsRec>
															<leaf speciesLocation="ott701518"/>
														</eventsRec>
													</clade>
													<clade>
														<name>IAPPPygoce</name>
														<eventsRec>
															<leaf speciesLocation="ott649803"/>
														</eventsRec>
													</clade>
												</clade>
											</clade>
											<clade>
												<name>IAPPElectr</name>
												<eventsRec>
													<leaf speciesLocation="ott216168"/>
												</eventsRec>
											</clade>
										</clade>
									</clade>
								</clade>
								<clade>
									<name>IAPPCoilia</name>
									<eventsRec>
										<leaf speciesLocation="ott39750"/>
									</eventsRec>
								</clade>
							</clade>
						</clade>
						<clade>
							<name>NULL</name>
							<eventsRec>
								<speciation speciesLocation="node_133"/>
							</eventsRec>
							<clade>
								<name>IAPPSclero</name>
								<eventsRec>
									<leaf speciesLocation="ott335717"/>
								</eventsRec>
							</clade>
							<clade>
								<name>IAPPParamo</name>
								<eventsRec>
									<leaf speciesLocation="ott902048"/>
								</eventsRec>
							</clade>
						</clade>
					</clade>
					<clade>
						<name>IAPPLepiso</name>
						<eventsRec>
							<leaf speciesLocation="ott1028028"/>
						</eventsRec>
					</clade>
				</clade>
			</clade>
		</clade>
	</clade>
	<clade>
		<name>IAPPPetrom</name>
		<eventsRec>
			<leaf speciesLocation="ott227494"/>
		</eventsRec>
	</clade>
</clade>
</phylogeny>
</recGeneTree>
</recPhylo>