{"version": "0.9.9", "seed": 1162142809, "model": "JTT", "previous_entries": [{"calc_dir": "/lustre/scratch/scratch/zcbtifi/IAPP_143/alignment-to-ancestors/00_find-model", "starting_dir": "/lustre/scratch/scratch/zcbtifi/IAPP_143/alignment-to-ancestors", "calc_status": "complete", "version": "0.9.9", "seed": 1162142809, "events": [{"description": "Launching raxml-ng", "local_directory": "working", "time": 1686757741.6491268, "cmd": ["/home/zcbtifi/.conda/envs/topiary/bin/raxml-ng", "--start", "--msa", "alignment.phy", "--model", "LG", "--seed", "1162142809", "--threads", "1", "--tree", "pars{1}"], "num_threads": 1}, {"description": "Testing 360 models.\n", "local_directory": "working", "time": 1686757741.7955084}], "gene_tree": null, "species_tree": null, "reconciled_tree": null, "alignment": "/lustre/scratch/scratch/zcbtifi/IAPP_143/alignment-to-ancestors/00_find-model/input/alignment.phy", "calc_type": "find_best_model", "creation_time": 1686757741.6075659, "model": "JTT", "completion_time": 1686758537.1499915}, {"calc_dir": "/lustre/scratch/scratch/zcbtifi/IAPP_143/alignment-to-ancestors/01_gene-tree", "starting_dir": "/lustre/scratch/scratch/zcbtifi/IAPP_143/alignment-to-ancestors", "version": "0.9.9", "seed": 1162142809, "model": "JTT", "events": [{"description": "Launching raxml-ng", "local_directory": "working", "time": 1686758537.4258494, "cmd": ["/home/zcbtifi/.conda/envs/topiary/bin/raxml-ng", "--search", "--msa", "alignment.phy", "--model", "JTT", "--seed", "1162142809", "--threads", "auto{1}"], "num_threads": 1}], "gene_tree": null, "species_tree": null, "reconciled_tree": null, "alignment": "/lustre/scratch/scratch/zcbtifi/IAPP_143/alignment-to-ancestors/01_gene-tree/input/alignment.phy", "calc_type": "ml_tree", "calc_status": "complete", "creation_time": 1686758537.4061668, "completion_time": 1686758626.0607696}, {"calc_dir": "/lustre/scratch/scratch/zcbtifi/IAPP_143/alignment-to-ancestors/02_gene-tree-ancestors", "starting_dir": "/lustre/scratch/scratch/zcbtifi/IAPP_143/alignment-to-ancestors", "version": "0.9.9", "seed": 1162142809, "model": "JTT", "events": [{"description": "Launching raxml-ng", "local_directory": "working", "time": 1686758626.8119695, "cmd": ["/home/zcbtifi/.conda/envs/topiary/bin/raxml-ng", "--ancestral", "--msa", "alignment.phy", "--tree", "tree.newick", "--model", "JTT", "--seed", "1162142809", "--threads", "1"], "num_threads": 1}, {"description": "parsing ancestral output", "local_directory": "working", "time": 1686758627.051488, "alt_cutoff": 0.25}], "gene_tree": "/lustre/scratch/scratch/zcbtifi/IAPP_143/alignment-to-ancestors/02_gene-tree-ancestors/input/gene-tree.newick", "species_tree": null, "reconciled_tree": null, "alignment": "/lustre/scratch/scratch/zcbtifi/IAPP_143/alignment-to-ancestors/02_gene-tree-ancestors/input/alignment.phy", "calc_type": "ml_ancestors", "calc_status": "complete", "creation_time": 1686758626.7672312, "alt_cutoff": 0.25, "completion_time": 1686758657.5930543}, {"calc_dir": "/lustre/scratch/scratch/zcbtifi/IAPP_143/alignment-to-ancestors/03_reconciled-tree", "starting_dir": "/lustre/scratch/scratch/zcbtifi/IAPP_143/alignment-to-ancestors", "version": "0.9.9", "seed": 1162142809, "model": "JTT", "alt_cutoff": 0.25, "events": [{"description": "Setting up reconciliation directory", "local_directory": "working", "time": 1686758661.1215427}, {"description": "launching generax", "local_directory": "working", "time": 1686758661.2451947, "cmd": ["/home/zcbtifi/.conda/envs/topiary/bin/generax", "--families", "control.txt", "--species-tree", "species_tree.newick", "--prefix", "result", "--rec-model", "UndatedDL", "--seed", "1162142809"], "num_threads": 1}], "gene_tree": "/lustre/scratch/scratch/zcbtifi/IAPP_143/alignment-to-ancestors/03_reconciled-tree/input/gene-tree.newick", "species_tree": "/lustre/scratch/scratch/zcbtifi/IAPP_143/alignment-to-ancestors/03_reconciled-tree/input/species-tree.newick", "reconciled_tree": null, "alignment": "/lustre/scratch/scratch/zcbtifi/IAPP_143/alignment-to-ancestors/03_reconciled-tree/input/alignment.phy", "calc_type": "reconcile", "calc_status": "complete", "creation_time": 1686758658.7628827, "allow_horizontal_transfer": false, "completion_time": 1686760342.1404932}, {"calc_dir": "/lustre/scratch/scratch/zcbtifi/IAPP_143/alignment-to-ancestors/04_reconciled-tree-ancestors", "starting_dir": "/lustre/scratch/scratch/zcbtifi/IAPP_143/alignment-to-ancestors", "version": "0.9.9", "seed": 1162142809, "model": "JTT", "alt_cutoff": 0.25, "allow_horizontal_transfer": false, "events": [{"description": "Launching raxml-ng", "local_directory": "working", "time": 1686760342.8055675, "cmd": ["/home/zcbtifi/.conda/envs/topiary/bin/raxml-ng", "--ancestral", "--msa", "alignment.phy", "--tree", "tree.newick", "--model", "JTT", "--seed", "1162142809", "--threads", "1"], "num_threads": 1}, {"description": "parsing ancestral output", "local_directory": "working", "time": 1686760342.940732, "alt_cutoff": 0.25}], "gene_tree": "/lustre/scratch/scratch/zcbtifi/IAPP_143/alignment-to-ancestors/04_reconciled-tree-ancestors/input/gene-tree.newick", "species_tree": "/lustre/scratch/scratch/zcbtifi/IAPP_143/alignment-to-ancestors/04_reconciled-tree-ancestors/input/species-tree.newick", "reconciled_tree": "/lustre/scratch/scratch/zcbtifi/IAPP_143/alignment-to-ancestors/04_reconciled-tree-ancestors/input/reconciled-tree.newick", "alignment": "/lustre/scratch/scratch/zcbtifi/IAPP_143/alignment-to-ancestors/04_reconciled-tree-ancestors/input/alignment.phy", "calc_type": "reconcile_ancestors", "calc_status": "complete", "creation_time": 1686760342.7705474, "completion_time": 1686760370.9647465}], "alt_cutoff": 0.25, "allow_horizontal_transfer": false, "events": [{"description": "Launching raxml-ng", "local_directory": "working", "time": 1686760371.777226, "cmd": ["/home/zcbtifi/.conda/envs/topiary/bin/raxml-ng", "--bootstrap", "--msa", "alignment.phy", "--tree", "tree.newick", "--model", "JTT", "--seed", "1162142809", "--threads", "1", "--bs-trees", "autoMRE", "--bs-write-msa"], "num_threads": 1}], "gene_tree": "/lustre/scratch/scratch/zcbtifi/IAPP_143/alignment-to-ancestors/05_gene-tree-bootstraps/input/gene-tree.newick", "species_tree": "/lustre/scratch/scratch/zcbtifi/IAPP_143/alignment-to-ancestors/05_gene-tree-bootstraps/input/species-tree.newick", "reconciled_tree": "/lustre/scratch/scratch/zcbtifi/IAPP_143/alignment-to-ancestors/05_gene-tree-bootstraps/input/reconciled-tree.newick", "alignment": "/lustre/scratch/scratch/zcbtifi/IAPP_143/alignment-to-ancestors/05_gene-tree-bootstraps/input/alignment.phy", "calc_type": "ml_bootstrap", "calc_status": "crashed", "creation_time": 1686760371.720263, "completion_time": 1686762972.4232728}